contract_id,site_id,category,vendor_id,contract_start_date,contract_end_date
C00001,S001,Lab,V002,2019-01-01,2019-12-01
C00002,S001,RCM,V007,2019-01-01,
C00003,S001,Telephony,V009,2019-01-01,
C00004,S001,Scheduling,V012,2019-01-01,
C00005,S001,Clearinghouse,V014,2019-01-01,
C00006,S001,IT_MSP,V016,2019-01-01,
C00007,S001,Supplies,V019,2019-01-01,
C00008,S002,Lab,V004,2019-01-01,
C00009,S002,RCM,V006,2019-01-01,
C00010,S002,Telephony,V009,2019-01-01,
C00011,S002,Scheduling,V011,2019-01-01,
C00012,S002,Clearinghouse,V015,2019-01-01,
C00013,S002,IT_MSP,V018,2019-01-01,
C00014,S002,Supplies,V019,2019-01-01,
C00015,S003,Lab,V001,2019-01-01,
C00016,S003,RCM,V005,2019-01-01,
C00017,S003,Telephony,V008,2019-01-01,2024-06-01
C00018,S003,Scheduling,V012,2019-01-01,
C00019,S003,Clearinghouse,V014,2019-01-01,
C00020,S003,IT_MSP,V016,2019-01-01,
C00021,S003,Supplies,V020,2019-01-01,
C00022,S004,Lab,V001,2019-01-01,2021-07-01
C00023,S004,RCM,V006,2019-01-01,2020-01-01
C00024,S004,Telephony,V008,2019-01-01,
C00025,S004,Scheduling,V012,2019-01-01,
C00026,S004,Clearinghouse,V015,2019-01-01,2024-02-01
C00027,S004,IT_MSP,V016,2019-01-01,
C00028,S004,Supplies,V020,2019-01-01,2023-05-01
C00029,S005,Lab,V003,2019-01-01,2022-12-01
C00030,S005,RCM,V005,2019-01-01,2023-08-01
C00031,S005,Telephony,V009,2019-01-01,
C00032,S005,Scheduling,V011,2019-01-01,
C00033,S005,Clearinghouse,V014,2019-01-01,
C00034,S005,IT_MSP,V018,2019-01-01,
C00035,S005,Supplies,V020,2019-01-01,
C00036,S006,Lab,V004,2019-01-01,2023-02-01
C00037,S006,RCM,V005,2019-01-01,2021-05-01
C00038,S006,Telephony,V008,2019-01-01,
C00039,S006,Scheduling,V012,2019-01-01,
C00040,S006,Clearinghouse,V014,2019-01-01,2022-03-01
C00041,S006,IT_MSP,V016,2019-01-01,
C00042,S006,Supplies,V019,2019-01-01,2023-11-01
C00043,S007,Lab,V001,2019-01-01,
C00044,S007,RCM,V007,2019-01-01,
C00045,S007,Telephony,V008,2019-01-01,
C00046,S007,Scheduling,V012,2019-01-01,
C00047,S007,Clearinghouse,V014,2019-01-01,
C00048,S007,IT_MSP,V017,2019-01-01,
C00049,S007,Supplies,V020,2019-01-01,
C00050,S008,Lab,V001,2019-01-01,2024-03-01
C00051,S008,RCM,V007,2019-01-01,
C00052,S008,Telephony,V010,2019-01-01,
C00053,S008,Scheduling,V013,2019-01-01,2022-10-01
C00054,S008,Clearinghouse,V015,2019-01-01,
C00055,S008,IT_MSP,V017,2019-01-01,2024-04-01
C00056,S008,Supplies,V020,2019-01-01,2021-09-01
C00057,S009,Lab,V001,2019-01-01,
C00058,S009,RCM,V005,2019-01-01,
C00059,S009,Telephony,V008,2019-01-01,
C00060,S009,Scheduling,V012,2019-01-01,
C00061,S009,Clearinghouse,V014,2019-01-01,
C00062,S009,IT_MSP,V016,2019-01-01,
C00063,S009,Supplies,V020,2019-01-01,
C00064,S010,Lab,V002,2019-01-01,
C00065,S010,RCM,V006,2019-01-01,
C00066,S010,Telephony,V009,2019-01-01,
C00067,S010,Scheduling,V011,2019-01-01,
C00068,S010,Clearinghouse,V015,2019-01-01,2021-06-01
C00069,S010,IT_MSP,V016,2019-01-01,2021-09-01
C00070,S010,Supplies,V020,2019-01-01,
C00071,S011,Lab,V004,2019-01-01,
C00072,S011,RCM,V005,2019-01-01,2020-03-01
C00073,S011,Telephony,V008,2019-01-01,
C00074,S011,Scheduling,V013,2019-01-01,
C00075,S011,Clearinghouse,V015,2019-01-01,
C00076,S011,IT_MSP,V017,2019-01-01,
C00077,S011,Supplies,V020,2019-01-01,
C00078,S012,Lab,V001,2019-01-01,
C00079,S012,RCM,V006,2019-01-01,
C00080,S012,Telephony,V008,2019-01-01,2024-04-01
C00081,S012,Scheduling,V013,2019-01-01,
C00082,S012,Clearinghouse,V015,2019-01-01,
C00083,S012,IT_MSP,V016,2019-01-01,
C00084,S012,Supplies,V019,2019-01-01,
C00085,S013,Lab,V002,2019-01-01,2020-01-01
C00086,S013,RCM,V005,2019-01-01,2021-05-01
C00087,S013,Telephony,V009,2019-01-01,
C00088,S013,Scheduling,V012,2019-01-01,
C00089,S013,Clearinghouse,V015,2019-01-01,2020-04-01
C00090,S013,IT_MSP,V017,2019-01-01,
C00091,S013,Supplies,V019,2019-01-01,2020-11-01
C00092,S014,Lab,V003,2019-01-01,2020-02-01
C00093,S014,RCM,V006,2019-01-01,
C00094,S014,Telephony,V009,2019-01-01,
C00095,S014,Scheduling,V013,2019-01-01,
C00096,S014,Clearinghouse,V014,2019-01-01,2024-07-01
C00097,S014,IT_MSP,V017,2019-01-01,
C00098,S014,Supplies,V019,2019-01-01,2023-12-01
C00099,S015,Lab,V001,2019-01-01,2023-10-01
C00100,S015,RCM,V005,2019-01-01,
C00101,S015,Telephony,V008,2019-01-01,2023-05-01
C00102,S015,Scheduling,V012,2019-01-01,2019-06-01
C00103,S015,Clearinghouse,V014,2019-01-01,
C00104,S015,IT_MSP,V017,2019-01-01,
C00105,S015,Supplies,V020,2019-01-01,
C00106,S016,Lab,V002,2019-01-01,
C00107,S016,RCM,V006,2019-01-01,
C00108,S016,Telephony,V009,2019-01-01,
C00109,S016,Scheduling,V011,2019-01-01,
C00110,S016,Clearinghouse,V014,2019-01-01,
C00111,S016,IT_MSP,V017,2019-01-01,
C00112,S016,Supplies,V019,2019-01-01,
C00113,S017,Lab,V004,2019-01-01,
C00114,S017,RCM,V006,2019-01-01,
C00115,S017,Telephony,V009,2019-01-01,
C00116,S017,Scheduling,V013,2019-01-01,
C00117,S017,Clearinghouse,V015,2019-01-01,
C00118,S017,IT_MSP,V016,2019-01-01,
C00119,S017,Supplies,V020,2019-01-01,
C00120,S018,Lab,V002,2019-01-01,
C00121,S018,RCM,V007,2019-01-01,
C00122,S018,Telephony,V010,2019-01-01,
C00123,S018,Scheduling,V011,2019-01-01,
C00124,S018,Clearinghouse,V014,2019-01-01,
C00125,S018,IT_MSP,V016,2019-01-01,2019-07-01
C00126,S018,Supplies,V019,2019-01-01,
C00127,S019,Lab,V004,2019-01-01,
C00128,S019,RCM,V007,2019-01-01,
C00129,S019,Telephony,V008,2019-01-01,
C00130,S019,Scheduling,V012,2019-01-01,
C00131,S019,Clearinghouse,V014,2019-01-01,
C00132,S019,IT_MSP,V016,2019-01-01,
C00133,S019,Supplies,V019,2019-01-01,
C00134,S020,Lab,V002,2019-01-01,2023-07-01
C00135,S020,RCM,V007,2019-01-01,
C00136,S020,Telephony,V008,2019-01-01,
C00137,S020,Scheduling,V012,2019-01-01,
C00138,S020,Clearinghouse,V015,2019-01-01,
C00139,S020,IT_MSP,V017,2019-01-01,
C00140,S020,Supplies,V020,2019-01-01,
C00141,S021,Lab,V004,2019-01-01,2021-11-01
C00142,S021,RCM,V005,2019-01-01,
C00143,S021,Telephony,V009,2019-01-01,
C00144,S021,Scheduling,V011,2019-01-01,
C00145,S021,Clearinghouse,V014,2019-01-01,
C00146,S021,IT_MSP,V016,2019-01-01,
C00147,S021,Supplies,V020,2019-01-01,
C00148,S022,Lab,V002,2019-01-01,
C00149,S022,RCM,V005,2019-01-01,
C00150,S022,Telephony,V008,2019-01-01,
C00151,S022,Scheduling,V013,2019-01-01,
C00152,S022,Clearinghouse,V014,2019-01-01,
C00153,S022,IT_MSP,V016,2019-01-01,
C00154,S022,Supplies,V019,2019-01-01,
C00155,S023,Lab,V004,2019-01-01,
C00156,S023,RCM,V005,2019-01-01,
C00157,S023,Telephony,V009,2019-01-01,
C00158,S023,Scheduling,V013,2019-01-01,2023-07-01
C00159,S023,Clearinghouse,V014,2019-01-01,2021-10-01
C00160,S023,IT_MSP,V017,2019-01-01,
C00161,S023,Supplies,V019,2019-01-01,
C00162,S024,Lab,V003,2019-01-01,
C00163,S024,RCM,V007,2019-01-01,
C00164,S024,Telephony,V009,2019-01-01,
C00165,S024,Scheduling,V011,2019-01-01,
C00166,S024,Clearinghouse,V015,2019-01-01,
C00167,S024,IT_MSP,V016,2019-01-01,
C00168,S024,Supplies,V019,2019-01-01,
C00169,S025,Lab,V001,2019-01-01,
C00170,S025,RCM,V006,2019-01-01,
C00171,S025,Telephony,V009,2019-01-01,
C00172,S025,Scheduling,V011,2019-01-01,
C00173,S025,Clearinghouse,V015,2019-01-01,
C00174,S025,IT_MSP,V016,2019-01-01,
C00175,S025,Supplies,V020,2019-01-01,
C00176,S026,Lab,V001,2019-01-01,
C00177,S026,RCM,V007,2019-01-01,
C00178,S026,Telephony,V008,2019-01-01,
C00179,S026,Scheduling,V013,2019-01-01,
C00180,S026,Clearinghouse,V014,2019-01-01,2021-09-01
C00181,S026,IT_MSP,V017,2019-01-01,2023-12-01
C00182,S026,Supplies,V019,2019-01-01,
C00183,S027,Lab,V004,2019-01-01,2024-09-01
C00184,S027,RCM,V006,2019-01-01,
C00185,S027,Telephony,V008,2019-01-01,
C00186,S027,Scheduling,V012,2019-01-01,2024-09-01
C00187,S027,Clearinghouse,V015,2019-01-01,
C00188,S027,IT_MSP,V017,2019-01-01,
C00189,S027,Supplies,V020,2019-01-01,
C00190,S028,Lab,V001,2019-01-01,
C00191,S028,RCM,V005,2019-01-01,2020-08-01
C00192,S028,Telephony,V010,2019-01-01,2021-09-01
C00193,S028,Scheduling,V013,2019-01-01,2022-04-01
C00194,S028,Clearinghouse,V015,2019-01-01,2024-11-01
C00195,S028,IT_MSP,V017,2019-01-01,
C00196,S028,Supplies,V019,2019-01-01,
C00197,S029,Lab,V003,2019-01-01,
C00198,S029,RCM,V007,2019-01-01,
C00199,S029,Telephony,V010,2019-01-01,2020-10-01
C00200,S029,Scheduling,V013,2019-01-01,2021-11-01
C00201,S029,Clearinghouse,V015,2019-01-01,
C00202,S029,IT_MSP,V016,2019-01-01,
C00203,S029,Supplies,V019,2019-01-01,2020-01-01
C00204,S030,Lab,V004,2019-01-01,
C00205,S030,RCM,V007,2019-01-01,2021-01-01
C00206,S030,Telephony,V008,2019-01-01,
C00207,S030,Scheduling,V011,2019-01-01,
C00208,S030,Clearinghouse,V015,2019-01-01,
C00209,S030,IT_MSP,V016,2019-01-01,2023-09-01
C00210,S030,Supplies,V019,2019-01-01,2023-01-01
C00211,S031,Lab,V002,2019-01-01,2023-11-01
C00212,S031,RCM,V007,2019-01-01,
C00213,S031,Telephony,V009,2019-01-01,2022-02-01
C00214,S031,Scheduling,V011,2019-01-01,
C00215,S031,Clearinghouse,V015,2019-01-01,
C00216,S031,IT_MSP,V016,2019-01-01,
C00217,S031,Supplies,V019,2019-01-01,
C00218,S032,Lab,V003,2019-01-01,
C00219,S032,RCM,V007,2019-01-01,
C00220,S032,Telephony,V010,2019-01-01,2023-07-01
C00221,S032,Scheduling,V012,2019-01-01,
C00222,S032,Clearinghouse,V015,2019-01-01,
C00223,S032,IT_MSP,V016,2019-01-01,
C00224,S032,Supplies,V019,2019-01-01,2023-08-01
C00225,S033,Lab,V002,2019-01-01,
C00226,S033,RCM,V005,2019-01-01,
C00227,S033,Telephony,V010,2019-01-01,
C00228,S033,Scheduling,V012,2019-01-01,2020-04-01
C00229,S033,Clearinghouse,V015,2019-01-01,2023-05-01
C00230,S033,IT_MSP,V017,2019-01-01,
C00231,S033,Supplies,V020,2019-01-01,
C00232,S034,Lab,V002,2019-01-01,
C00233,S034,RCM,V006,2019-01-01,
C00234,S034,Telephony,V009,2019-01-01,
C00235,S034,Scheduling,V011,2019-01-01,
C00236,S034,Clearinghouse,V015,2019-01-01,
C00237,S034,IT_MSP,V016,2019-01-01,
C00238,S034,Supplies,V019,2019-01-01,
C00239,S035,Lab,V003,2019-01-01,
C00240,S035,RCM,V005,2019-01-01,
C00241,S035,Telephony,V010,2019-01-01,
C00242,S035,Scheduling,V013,2019-01-01,
C00243,S035,Clearinghouse,V015,2019-01-01,
C00244,S035,IT_MSP,V017,2019-01-01,
C00245,S035,Supplies,V019,2019-01-01,
C00246,S036,Lab,V004,2019-01-01,
C00247,S036,RCM,V006,2019-01-01,2021-12-01
C00248,S036,Telephony,V010,2019-01-01,
C00249,S036,Scheduling,V013,2019-01-01,
C00250,S036,Clearinghouse,V015,2019-01-01,
C00251,S036,IT_MSP,V016,2019-01-01,
C00252,S036,Supplies,V019,2019-01-01,
C00253,S037,Lab,V004,2019-01-01,
C00254,S037,RCM,V005,2019-01-01,
C00255,S037,Telephony,V008,2019-01-01,
C00256,S037,Scheduling,V012,2019-01-01,2019-12-01
C00257,S037,Clearinghouse,V015,2019-01-01,
C00258,S037,IT_MSP,V017,2019-01-01,
C00259,S037,Supplies,V020,2019-01-01,
C00260,S038,Lab,V001,2019-01-01,
C00261,S038,RCM,V006,2019-01-01,
C00262,S038,Telephony,V010,2019-01-01,
C00263,S038,Scheduling,V011,2019-01-01,
C00264,S038,Clearinghouse,V014,2019-01-01,
C00265,S038,IT_MSP,V018,2019-01-01,
C00266,S038,Supplies,V020,2019-01-01,
C00267,S039,Lab,V003,2019-01-01,
C00268,S039,RCM,V006,2019-01-01,
C00269,S039,Telephony,V008,2019-01-01,
C00270,S039,Scheduling,V011,2019-01-01,
C00271,S039,Clearinghouse,V015,2019-01-01,
C00272,S039,IT_MSP,V017,2019-01-01,
C00273,S039,Supplies,V020,2019-01-01,
C00274,S040,Lab,V004,2019-01-01,
C00275,S040,RCM,V005,2019-01-01,
C00276,S040,Telephony,V009,2019-01-01,
C00277,S040,Scheduling,V013,2019-01-01,2023-03-01
C00278,S040,Clearinghouse,V015,2019-01-01,
C00279,S040,IT_MSP,V017,2019-01-01,2022-04-01
C00280,S040,Supplies,V020,2019-01-01,2023-05-01
C00281,S041,Lab,V004,2019-01-01,2020-12-01
C00282,S041,RCM,V006,2019-01-01,
C00283,S041,Telephony,V008,2019-01-01,2021-10-01
C00284,S041,Scheduling,V011,2019-01-01,
C00285,S041,Clearinghouse,V015,2019-01-01,
C00286,S041,IT_MSP,V016,2019-01-01,2024-08-01
C00287,S041,Supplies,V019,2019-01-01,
C00288,S042,Lab,V002,2019-01-01,
C00289,S042,RCM,V005,2019-01-01,2023-04-01
C00290,S042,Telephony,V009,2019-01-01,
C00291,S042,Scheduling,V011,2019-01-01,
C00292,S042,Clearinghouse,V014,2019-01-01,
C00293,S042,IT_MSP,V017,2019-01-01,
C00294,S042,Supplies,V019,2019-01-01,2021-11-01
C00295,S043,Lab,V001,2019-01-01,
C00296,S043,RCM,V006,2019-01-01,
C00297,S043,Telephony,V010,2019-01-01,2022-07-01
C00298,S043,Scheduling,V011,2019-01-01,2024-04-01
C00299,S043,Clearinghouse,V015,2019-01-01,
C00300,S043,IT_MSP,V016,2019-01-01,
C00301,S043,Supplies,V019,2019-01-01,
C00302,S044,Lab,V002,2019-01-01,
C00303,S044,RCM,V006,2019-01-01,
C00304,S044,Telephony,V009,2019-01-01,
C00305,S044,Scheduling,V012,2019-01-01,
C00306,S044,Clearinghouse,V015,2019-01-01,
C00307,S044,IT_MSP,V017,2019-01-01,
C00308,S044,Supplies,V019,2019-01-01,
C00309,S045,Lab,V004,2019-01-01,
C00310,S045,RCM,V005,2019-01-01,
C00311,S045,Telephony,V009,2019-01-01,
C00312,S045,Scheduling,V011,2019-01-01,
C00313,S045,Clearinghouse,V014,2019-01-01,2023-06-01
C00314,S045,IT_MSP,V018,2019-01-01,
C00315,S045,Supplies,V020,2019-01-01,
C00316,S046,Lab,V003,2019-01-01,
C00317,S046,RCM,V006,2019-01-01,2022-06-01
C00318,S046,Telephony,V008,2019-01-01,
C00319,S046,Scheduling,V011,2019-01-01,
C00320,S046,Clearinghouse,V014,2019-01-01,
C00321,S046,IT_MSP,V017,2019-01-01,
C00322,S046,Supplies,V020,2019-01-01,2020-03-01
C00323,S047,Lab,V003,2019-01-01,
C00324,S047,RCM,V005,2019-01-01,2020-09-01
C00325,S047,Telephony,V010,2019-01-01,
C00326,S047,Scheduling,V012,2019-01-01,
C00327,S047,Clearinghouse,V014,2019-01-01,
C00328,S047,IT_MSP,V017,2019-01-01,
C00329,S047,Supplies,V019,2019-01-01,
C00330,S048,Lab,V002,2019-01-01,
C00331,S048,RCM,V005,2019-01-01,
C00332,S048,Telephony,V009,2019-01-01,
C00333,S048,Scheduling,V011,2019-01-01,
C00334,S048,Clearinghouse,V014,2019-01-01,
C00335,S048,IT_MSP,V016,2019-01-01,2021-02-01
C00336,S048,Supplies,V019,2019-01-01,2020-08-01
C00337,S049,Lab,V004,2019-01-01,
C00338,S049,RCM,V006,2019-01-01,2022-09-01
C00339,S049,Telephony,V009,2019-01-01,
C00340,S049,Scheduling,V011,2019-01-01,
C00341,S049,Clearinghouse,V014,2019-01-01,
C00342,S049,IT_MSP,V017,2019-01-01,
C00343,S049,Supplies,V019,2019-01-01,
C00344,S050,Lab,V002,2019-01-01,
C00345,S050,RCM,V006,2019-01-01,
C00346,S050,Telephony,V009,2019-01-01,
C00347,S050,Scheduling,V012,2019-01-01,
C00348,S050,Clearinghouse,V014,2019-01-01,
C00349,S050,IT_MSP,V017,2019-01-01,
C00350,S050,Supplies,V020,2019-01-01,2021-02-01
C00351,S051,Lab,V002,2019-01-01,
C00352,S051,RCM,V007,2019-01-01,
C00353,S051,Telephony,V009,2019-01-01,
C00354,S051,Scheduling,V011,2019-01-01,
C00355,S051,Clearinghouse,V014,2019-01-01,
C00356,S051,IT_MSP,V017,2019-01-01,
C00357,S051,Supplies,V019,2019-01-01,2023-02-01
C00358,S052,Lab,V003,2019-01-01,
C00359,S052,RCM,V007,2019-01-01,
C00360,S052,Telephony,V009,2019-01-01,
C00361,S052,Scheduling,V012,2019-01-01,
C00362,S052,Clearinghouse,V015,2019-01-01,
C00363,S052,IT_MSP,V017,2019-01-01,
C00364,S052,Supplies,V020,2019-01-01,2024-01-01
C00365,S053,Lab,V004,2019-01-01,
C00366,S053,RCM,V006,2019-01-01,
C00367,S053,Telephony,V010,2019-01-01,
C00368,S053,Scheduling,V013,2019-01-01,
C00369,S053,Clearinghouse,V014,2019-01-01,
C00370,S053,IT_MSP,V016,2019-01-01,2024-02-01
C00371,S053,Supplies,V019,2019-01-01,2021-11-01
C00372,S054,Lab,V001,2019-01-01,
C00373,S054,RCM,V005,2019-01-01,
C00374,S054,Telephony,V009,2019-01-01,
C00375,S054,Scheduling,V011,2019-01-01,
C00376,S054,Clearinghouse,V014,2019-01-01,
C00377,S054,IT_MSP,V018,2019-01-01,
C00378,S054,Supplies,V019,2019-01-01,2021-11-01
C00379,S055,Lab,V004,2019-01-01,
C00380,S055,RCM,V006,2019-01-01,
C00381,S055,Telephony,V008,2019-01-01,
C00382,S055,Scheduling,V012,2019-01-01,
C00383,S055,Clearinghouse,V015,2019-01-01,2024-07-01
C00384,S055,IT_MSP,V018,2019-01-01,2024-12-01
C00385,S055,Supplies,V020,2019-01-01,
C00386,S056,Lab,V004,2019-01-01,
C00387,S056,RCM,V006,2019-01-01,
C00388,S056,Telephony,V008,2019-01-01,
C00389,S056,Scheduling,V012,2019-01-01,
C00390,S056,Clearinghouse,V015,2019-01-01,
C00391,S056,IT_MSP,V018,2019-01-01,
C00392,S056,Supplies,V019,2019-01-01,
C00393,S057,Lab,V002,2019-01-01,
C00394,S057,RCM,V007,2019-01-01,
C00395,S057,Telephony,V008,2019-01-01,2022-05-01
C00396,S057,Scheduling,V013,2019-01-01,
C00397,S057,Clearinghouse,V015,2019-01-01,
C00398,S057,IT_MSP,V017,2019-01-01,
C00399,S057,Supplies,V020,2019-01-01,
C00400,S058,Lab,V003,2019-01-01,2020-08-01
C00401,S058,RCM,V005,2019-01-01,2023-10-01
C00402,S058,Telephony,V010,2019-01-01,
C00403,S058,Scheduling,V012,2019-01-01,
C00404,S058,Clearinghouse,V015,2019-01-01,
C00405,S058,IT_MSP,V017,2019-01-01,
C00406,S058,Supplies,V020,2019-01-01,
C00407,S059,Lab,V002,2019-01-01,
C00408,S059,RCM,V005,2019-01-01,
C00409,S059,Telephony,V010,2019-01-01,
C00410,S059,Scheduling,V011,2019-01-01,2024-10-01
C00411,S059,Clearinghouse,V014,2019-01-01,
C00412,S059,IT_MSP,V018,2019-01-01,
C00413,S059,Supplies,V020,2019-01-01,2020-01-01
C00414,S060,Lab,V002,2019-01-01,2024-10-01
C00415,S060,RCM,V006,2019-01-01,
C00416,S060,Telephony,V009,2019-01-01,
C00417,S060,Scheduling,V011,2019-01-01,
C00418,S060,Clearinghouse,V014,2019-01-01,
C00419,S060,IT_MSP,V017,2019-01-01,
C00420,S060,Supplies,V020,2019-01-01,
C00421,S061,Lab,V004,2019-01-01,
C00422,S061,RCM,V006,2019-01-01,
C00423,S061,Telephony,V008,2019-01-01,
C00424,S061,Scheduling,V012,2019-01-01,2021-01-01
C00425,S061,Clearinghouse,V014,2019-01-01,
C00426,S061,IT_MSP,V017,2019-01-01,
C00427,S061,Supplies,V019,2019-01-01,
C00428,S062,Lab,V004,2019-01-01,
C00429,S062,RCM,V006,2019-01-01,
C00430,S062,Telephony,V008,2019-01-01,
C00431,S062,Scheduling,V011,2019-01-01,2022-07-01
C00432,S062,Clearinghouse,V015,2019-01-01,
C00433,S062,IT_MSP,V017,2019-01-01,
C00434,S062,Supplies,V019,2019-01-01,
C00435,S063,Lab,V001,2019-01-01,2022-11-01
C00436,S063,RCM,V007,2019-01-01,
C00437,S063,Telephony,V008,2019-01-01,
C00438,S063,Scheduling,V013,2019-01-01,2023-09-01
C00439,S063,Clearinghouse,V015,2019-01-01,
C00440,S063,IT_MSP,V016,2019-01-01,
C00441,S063,Supplies,V019,2019-01-01,2021-12-01
C00442,S064,Lab,V004,2019-01-01,2024-07-01
C00443,S064,RCM,V006,2019-01-01,
C00444,S064,Telephony,V008,2019-01-01,
C00445,S064,Scheduling,V013,2019-01-01,
C00446,S064,Clearinghouse,V015,2019-01-01,
C00447,S064,IT_MSP,V018,2019-01-01,
C00448,S064,Supplies,V020,2019-01-01,
C00449,S065,Lab,V002,2019-01-01,2019-11-01
C00450,S065,RCM,V005,2019-01-01,
C00451,S065,Telephony,V010,2019-01-01,
C00452,S065,Scheduling,V012,2019-01-01,
C00453,S065,Clearinghouse,V014,2019-01-01,2023-02-01
C00454,S065,IT_MSP,V018,2019-01-01,2021-08-01
C00455,S065,Supplies,V019,2019-01-01,2021-07-01
C00456,S066,Lab,V002,2019-01-01,
C00457,S066,RCM,V005,2019-01-01,
C00458,S066,Telephony,V009,2019-01-01,
C00459,S066,Scheduling,V011,2019-01-01,
C00460,S066,Clearinghouse,V014,2019-01-01,
C00461,S066,IT_MSP,V016,2019-01-01,
C00462,S066,Supplies,V020,2019-01-01,
C00463,S067,Lab,V003,2019-01-01,
C00464,S067,RCM,V007,2019-01-01,2021-07-01
C00465,S067,Telephony,V010,2019-01-01,
C00466,S067,Scheduling,V012,2019-01-01,
C00467,S067,Clearinghouse,V014,2019-01-01,
C00468,S067,IT_MSP,V018,2019-01-01,
C00469,S067,Supplies,V019,2019-01-01,2021-02-01
C00470,S068,Lab,V004,2019-01-01,
C00471,S068,RCM,V005,2019-01-01,
C00472,S068,Telephony,V010,2019-01-01,
C00473,S068,Scheduling,V011,2019-01-01,
C00474,S068,Clearinghouse,V015,2019-01-01,2023-08-01
C00475,S068,IT_MSP,V017,2019-01-01,2024-11-01
C00476,S068,Supplies,V020,2019-01-01,
C00477,S069,Lab,V001,2019-01-01,
C00478,S069,RCM,V006,2019-01-01,
C00479,S069,Telephony,V010,2019-01-01,
C00480,S069,Scheduling,V012,2019-01-01,
C00481,S069,Clearinghouse,V015,2019-01-01,2021-02-01
C00482,S069,IT_MSP,V017,2019-01-01,
C00483,S069,Supplies,V019,2019-01-01,
C00484,S070,Lab,V003,2019-01-01,
C00485,S070,RCM,V006,2019-01-01,
C00486,S070,Telephony,V010,2019-01-01,
C00487,S070,Scheduling,V011,2019-01-01,
C00488,S070,Clearinghouse,V014,2019-01-01,
C00489,S070,IT_MSP,V018,2019-01-01,
C00490,S070,Supplies,V020,2019-01-01,
C00491,S071,Lab,V002,2019-01-01,
C00492,S071,RCM,V006,2019-01-01,2022-03-01
C00493,S071,Telephony,V008,2019-01-01,
C00494,S071,Scheduling,V011,2019-01-01,
C00495,S071,Clearinghouse,V014,2019-01-01,
C00496,S071,IT_MSP,V017,2019-01-01,
C00497,S071,Supplies,V020,2019-01-01,2023-12-01
C00498,S072,Lab,V001,2019-01-01,2023-08-01
C00499,S072,RCM,V007,2019-01-01,
C00500,S072,Telephony,V010,2019-01-01,
C00501,S072,Scheduling,V012,2019-01-01,
C00502,S072,Clearinghouse,V015,2019-01-01,2024-10-01
C00503,S072,IT_MSP,V016,2019-01-01,2024-02-01
C00504,S072,Supplies,V020,2019-01-01,
C00505,S073,Lab,V003,2019-01-01,2019-05-01
C00506,S073,RCM,V005,2019-01-01,
C00507,S073,Telephony,V010,2019-01-01,
C00508,S073,Scheduling,V013,2019-01-01,2024-10-01
C00509,S073,Clearinghouse,V015,2019-01-01,
C00510,S073,IT_MSP,V017,2019-01-01,
C00511,S073,Supplies,V020,2019-01-01,
C00512,S074,Lab,V002,2019-01-01,
C00513,S074,RCM,V007,2019-01-01,
C00514,S074,Telephony,V010,2019-01-01,
C00515,S074,Scheduling,V011,2019-01-01,
C00516,S074,Clearinghouse,V014,2019-01-01,
C00517,S074,IT_MSP,V017,2019-01-01,
C00518,S074,Supplies,V020,2019-01-01,
C00519,S075,Lab,V004,2019-01-01,
C00520,S075,RCM,V005,2019-01-01,
C00521,S075,Telephony,V009,2019-01-01,2023-04-01
C00522,S075,Scheduling,V012,2019-01-01,2019-08-01
C00523,S075,Clearinghouse,V015,2019-01-01,
C00524,S075,IT_MSP,V018,2019-01-01,2023-04-01
C00525,S075,Supplies,V020,2019-01-01,
C00526,S076,Lab,V002,2019-01-01,2020-08-01
C00527,S076,RCM,V005,2019-01-01,
C00528,S076,Telephony,V008,2019-01-01,
C00529,S076,Scheduling,V011,2019-01-01,
C00530,S076,Clearinghouse,V015,2019-01-01,2024-04-01
C00531,S076,IT_MSP,V017,2019-01-01,
C00532,S076,Supplies,V020,2019-01-01,
C00533,S077,Lab,V004,2019-01-01,
C00534,S077,RCM,V006,2019-01-01,
C00535,S077,Telephony,V010,2019-01-01,
C00536,S077,Scheduling,V013,2019-01-01,
C00537,S077,Clearinghouse,V015,2019-01-01,2023-04-01
C00538,S077,IT_MSP,V016,2019-01-01,
C00539,S077,Supplies,V019,2019-01-01,2020-11-01
C00540,S078,Lab,V001,2019-01-01,2024-11-01
C00541,S078,RCM,V007,2019-01-01,
C00542,S078,Telephony,V009,2019-01-01,
C00543,S078,Scheduling,V011,2019-01-01,
C00544,S078,Clearinghouse,V015,2019-01-01,2020-04-01
C00545,S078,IT_MSP,V017,2019-01-01,
C00546,S078,Supplies,V019,2019-01-01,
C00547,S079,Lab,V001,2019-01-01,
C00548,S079,RCM,V007,2019-01-01,
C00549,S079,Telephony,V009,2019-01-01,
C00550,S079,Scheduling,V013,2019-01-01,
C00551,S079,Clearinghouse,V015,2019-01-01,
C00552,S079,IT_MSP,V018,2019-01-01,2022-01-01
C00553,S079,Supplies,V020,2019-01-01,
C00554,S080,Lab,V002,2019-01-01,
C00555,S080,RCM,V007,2019-01-01,
C00556,S080,Telephony,V008,2019-01-01,
C00557,S080,Scheduling,V011,2019-01-01,
C00558,S080,Clearinghouse,V014,2019-01-01,
C00559,S080,IT_MSP,V017,2019-01-01,
C00560,S080,Supplies,V020,2019-01-01,
C00561,S081,Lab,V003,2019-01-01,2021-05-01
C00562,S081,RCM,V005,2019-01-01,
C00563,S081,Telephony,V008,2019-01-01,
C00564,S081,Scheduling,V011,2019-01-01,2023-09-01
C00565,S081,Clearinghouse,V014,2019-01-01,
C00566,S081,IT_MSP,V017,2019-01-01,
C00567,S081,Supplies,V019,2019-01-01,2020-12-01
C00568,S082,Lab,V002,2019-01-01,2022-04-01
C00569,S082,RCM,V007,2019-01-01,
C00570,S082,Telephony,V008,2019-01-01,
C00571,S082,Scheduling,V012,2019-01-01,
C00572,S082,Clearinghouse,V015,2019-01-01,2019-08-01
C00573,S082,IT_MSP,V017,2019-01-01,
C00574,S082,Supplies,V020,2019-01-01,2019-12-01
C00575,S083,Lab,V004,2019-01-01,
C00576,S083,RCM,V007,2019-01-01,
C00577,S083,Telephony,V008,2019-01-01,
C00578,S083,Scheduling,V013,2019-01-01,
C00579,S083,Clearinghouse,V014,2019-01-01,2022-01-01
C00580,S083,IT_MSP,V016,2019-01-01,
C00581,S083,Supplies,V019,2019-01-01,
C00582,S084,Lab,V004,2019-01-01,
C00583,S084,RCM,V006,2019-01-01,
C00584,S084,Telephony,V008,2019-01-01,
C00585,S084,Scheduling,V012,2019-01-01,
C00586,S084,Clearinghouse,V014,2019-01-01,
C00587,S084,IT_MSP,V016,2019-01-01,
C00588,S084,Supplies,V019,2019-01-01,
C00589,S085,Lab,V001,2019-01-01,2020-03-01
C00590,S085,RCM,V006,2019-01-01,
C00591,S085,Telephony,V008,2019-01-01,
C00592,S085,Scheduling,V012,2019-01-01,
C00593,S085,Clearinghouse,V014,2019-01-01,
C00594,S085,IT_MSP,V016,2019-01-01,2022-02-01
C00595,S085,Supplies,V020,2019-01-01,
C00596,S086,Lab,V002,2019-01-01,
C00597,S086,RCM,V007,2019-01-01,
C00598,S086,Telephony,V008,2019-01-01,
C00599,S086,Scheduling,V011,2019-01-01,
C00600,S086,Clearinghouse,V014,2019-01-01,
C00601,S086,IT_MSP,V016,2019-01-01,
C00602,S086,Supplies,V019,2019-01-01,
C00603,S087,Lab,V001,2019-01-01,
C00604,S087,RCM,V005,2019-01-01,
C00605,S087,Telephony,V008,2019-01-01,2020-07-01
C00606,S087,Scheduling,V012,2019-01-01,
C00607,S087,Clearinghouse,V014,2019-01-01,
C00608,S087,IT_MSP,V017,2019-01-01,
C00609,S087,Supplies,V020,2019-01-01,
C00610,S088,Lab,V003,2019-01-01,
C00611,S088,RCM,V005,2019-01-01,2020-11-01
C00612,S088,Telephony,V010,2019-01-01,
C00613,S088,Scheduling,V012,2019-01-01,
C00614,S088,Clearinghouse,V014,2019-01-01,
C00615,S088,IT_MSP,V018,2019-01-01,
C00616,S088,Supplies,V020,2019-01-01,
C00617,S089,Lab,V001,2019-01-01,2024-10-01
C00618,S089,RCM,V006,2019-01-01,
C00619,S089,Telephony,V010,2019-01-01,2024-09-01
C00620,S089,Scheduling,V012,2019-01-01,
C00621,S089,Clearinghouse,V014,2019-01-01,
C00622,S089,IT_MSP,V016,2019-01-01,
C00623,S089,Supplies,V019,2019-01-01,
C00624,S090,Lab,V002,2019-01-01,
C00625,S090,RCM,V006,2019-01-01,
C00626,S090,Telephony,V008,2019-01-01,
C00627,S090,Scheduling,V012,2019-01-01,
C00628,S090,Clearinghouse,V015,2019-01-01,2023-02-01
C00629,S090,IT_MSP,V016,2019-01-01,
C00630,S090,Supplies,V019,2019-01-01,
C00631,S091,Lab,V003,2019-01-01,
C00632,S091,RCM,V007,2019-01-01,2022-07-01
C00633,S091,Telephony,V009,2019-01-01,
C00634,S091,Scheduling,V012,2019-01-01,2023-01-01
C00635,S091,Clearinghouse,V014,2019-01-01,
C00636,S091,IT_MSP,V017,2019-01-01,
C00637,S091,Supplies,V020,2019-01-01,
C00638,S092,Lab,V001,2019-01-01,2024-12-01
C00639,S092,RCM,V006,2019-01-01,2021-04-01
C00640,S092,Telephony,V008,2019-01-01,
C00641,S092,Scheduling,V011,2019-01-01,2023-01-01
C00642,S092,Clearinghouse,V014,2019-01-01,
C00643,S092,IT_MSP,V016,2019-01-01,
C00644,S092,Supplies,V019,2019-01-01,
C00645,S093,Lab,V001,2019-01-01,2024-10-01
C00646,S093,RCM,V007,2019-01-01,2023-02-01
C00647,S093,Telephony,V009,2019-01-01,
C00648,S093,Scheduling,V012,2019-01-01,2024-04-01
C00649,S093,Clearinghouse,V015,2019-01-01,2019-07-01
C00650,S093,IT_MSP,V017,2019-01-01,
C00651,S093,Supplies,V019,2019-01-01,
C00652,S094,Lab,V002,2019-01-01,
C00653,S094,RCM,V007,2019-01-01,
C00654,S094,Telephony,V009,2019-01-01,
C00655,S094,Scheduling,V012,2019-01-01,
C00656,S094,Clearinghouse,V014,2019-01-01,
C00657,S094,IT_MSP,V017,2019-01-01,
C00658,S094,Supplies,V019,2019-01-01,2023-02-01
C00659,S095,Lab,V003,2019-01-01,
C00660,S095,RCM,V006,2019-01-01,
C00661,S095,Telephony,V008,2019-01-01,
C00662,S095,Scheduling,V013,2019-01-01,2020-06-01
C00663,S095,Clearinghouse,V015,2019-01-01,
C00664,S095,IT_MSP,V016,2019-01-01,
C00665,S095,Supplies,V019,2019-01-01,
C00666,S096,Lab,V001,2019-01-01,2020-08-01
C00667,S096,RCM,V005,2019-01-01,
C00668,S096,Telephony,V008,2019-01-01,
C00669,S096,Scheduling,V011,2019-01-01,2022-09-01
C00670,S096,Clearinghouse,V014,2019-01-01,
C00671,S096,IT_MSP,V016,2019-01-01,2024-11-01
C00672,S096,Supplies,V020,2019-01-01,
C00673,S097,Lab,V001,2019-01-01,
C00674,S097,RCM,V006,2019-01-01,
C00675,S097,Telephony,V008,2019-01-01,
C00676,S097,Scheduling,V013,2019-01-01,
C00677,S097,Clearinghouse,V014,2019-01-01,
C00678,S097,IT_MSP,V017,2019-01-01,
C00679,S097,Supplies,V020,2019-01-01,
C00680,S098,Lab,V004,2019-01-01,
C00681,S098,RCM,V007,2019-01-01,
C00682,S098,Telephony,V008,2019-01-01,
C00683,S098,Scheduling,V011,2019-01-01,2024-03-01
C00684,S098,Clearinghouse,V015,2019-01-01,
C00685,S098,IT_MSP,V018,2019-01-01,
C00686,S098,Supplies,V020,2019-01-01,
C00687,S099,Lab,V002,2019-01-01,
C00688,S099,RCM,V005,2019-01-01,
C00689,S099,Telephony,V010,2019-01-01,
C00690,S099,Scheduling,V011,2019-01-01,
C00691,S099,Clearinghouse,V014,2019-01-01,
C00692,S099,IT_MSP,V017,2019-01-01,2022-07-01
C00693,S099,Supplies,V020,2019-01-01,2020-01-01
C00694,S100,Lab,V001,2019-01-01,
C00695,S100,RCM,V005,2019-01-01,
C00696,S100,Telephony,V009,2019-01-01,
C00697,S100,Scheduling,V011,2019-01-01,
C00698,S100,Clearinghouse,V014,2019-01-01,
C00699,S100,IT_MSP,V016,2019-01-01,
C00700,S100,Supplies,V019,2019-01-01,
C00701,S073,Lab,V002,2019-05-01,
C00702,S015,Scheduling,V011,2019-06-01,
C00703,S018,IT_MSP,V018,2019-07-01,2022-07-01
C00704,S093,Clearinghouse,V014,2019-07-01,
C00705,S075,Scheduling,V013,2019-08-01,
C00706,S082,Clearinghouse,V014,2019-08-01,2024-12-01
C00707,S065,Lab,V003,2019-11-01,2024-11-01
C00708,S001,Lab,V001,2019-12-01,
C00709,S037,Scheduling,V013,2019-12-01,
C00710,S082,Supplies,V019,2019-12-01,
C00711,S004,RCM,V007,2020-01-01,
C00712,S013,Lab,V004,2020-01-01,
C00713,S029,Supplies,V020,2020-01-01,
C00714,S059,Supplies,V019,2020-01-01,
C00715,S099,Supplies,V019,2020-01-01,
C00716,S014,Lab,V002,2020-02-01,
C00717,S011,RCM,V007,2020-03-01,
C00718,S046,Supplies,V019,2020-03-01,
C00719,S085,Lab,V003,2020-03-01,
C00720,S013,Clearinghouse,V014,2020-04-01,2024-03-01
C00721,S033,Scheduling,V013,2020-04-01,
C00722,S078,Clearinghouse,V014,2020-04-01,
C00723,S095,Scheduling,V012,2020-06-01,
C00724,S087,Telephony,V010,2020-07-01,
C00725,S028,RCM,V006,2020-08-01,
C00726,S048,Supplies,V020,2020-08-01,
C00727,S058,Lab,V001,2020-08-01,
C00728,S076,Lab,V001,2020-08-01,
C00729,S096,Lab,V002,2020-08-01,
C00730,S047,RCM,V006,2020-09-01,
C00731,S029,Telephony,V008,2020-10-01,
C00732,S013,Supplies,V020,2020-11-01,
C00733,S077,Supplies,V020,2020-11-01,
C00734,S088,RCM,V007,2020-11-01,2024-11-01
C00735,S041,Lab,V003,2020-12-01,2022-01-01
C00736,S081,Supplies,V020,2020-12-01,2024-09-01
C00737,S030,RCM,V006,2021-01-01,2024-04-01
C00738,S061,Scheduling,V013,2021-01-01,
C00739,S048,IT_MSP,V017,2021-02-01,
C00740,S050,Supplies,V019,2021-02-01,
C00741,S067,Supplies,V020,2021-02-01,
C00742,S069,Clearinghouse,V014,2021-02-01,
C00743,S092,RCM,V005,2021-04-01,2022-07-01
C00744,S006,RCM,V007,2021-05-01,
C00745,S013,RCM,V007,2021-05-01,
C00746,S081,Lab,V004,2021-05-01,2023-07-01
C00747,S010,Clearinghouse,V014,2021-06-01,
C00748,S004,Lab,V002,2021-07-01,
C00749,S065,Supplies,V020,2021-07-01,2024-06-01
C00750,S067,RCM,V005,2021-07-01,
C00751,S065,IT_MSP,V017,2021-08-01,
C00752,S008,Supplies,V019,2021-09-01,
C00753,S010,IT_MSP,V018,2021-09-01,
C00754,S026,Clearinghouse,V015,2021-09-01,
C00755,S028,Telephony,V009,2021-09-01,
C00756,S023,Clearinghouse,V015,2021-10-01,2023-01-01
C00757,S041,Telephony,V010,2021-10-01,
C00758,S021,Lab,V001,2021-11-01,
C00759,S029,Scheduling,V012,2021-11-01,
C00760,S042,Supplies,V020,2021-11-01,
C00761,S053,Supplies,V020,2021-11-01,2023-09-01
C00762,S054,Supplies,V020,2021-11-01,
C00763,S036,RCM,V007,2021-12-01,
C00764,S063,Supplies,V020,2021-12-01,
C00765,S041,Lab,V002,2022-01-01,
C00766,S079,IT_MSP,V016,2022-01-01,
C00767,S083,Clearinghouse,V015,2022-01-01,
C00768,S031,Telephony,V008,2022-02-01,
C00769,S085,IT_MSP,V018,2022-02-01,
C00770,S006,Clearinghouse,V015,2022-03-01,
C00771,S071,RCM,V007,2022-03-01,
C00772,S028,Scheduling,V012,2022-04-01,
C00773,S040,IT_MSP,V018,2022-04-01,
C00774,S082,Lab,V004,2022-04-01,
C00775,S057,Telephony,V009,2022-05-01,
C00776,S046,RCM,V007,2022-06-01,
C00777,S018,IT_MSP,V017,2022-07-01,
C00778,S043,Telephony,V009,2022-07-01,
C00779,S062,Scheduling,V012,2022-07-01,
C00780,S091,RCM,V005,2022-07-01,
C00781,S092,RCM,V006,2022-07-01,
C00782,S099,IT_MSP,V016,2022-07-01,
C00783,S049,RCM,V005,2022-09-01,
C00784,S096,Scheduling,V013,2022-09-01,
C00785,S008,Scheduling,V012,2022-10-01,
C00786,S063,Lab,V002,2022-11-01,
C00787,S005,Lab,V001,2022-12-01,
C00788,S023,Clearinghouse,V014,2023-01-01,
C00789,S030,Supplies,V020,2023-01-01,
C00790,S091,Scheduling,V011,2023-01-01,
C00791,S092,Scheduling,V012,2023-01-01,
C00792,S006,Lab,V002,2023-02-01,
C00793,S051,Supplies,V020,2023-02-01,
C00794,S065,Clearinghouse,V015,2023-02-01,
C00795,S090,Clearinghouse,V014,2023-02-01,
C00796,S093,RCM,V006,2023-02-01,
C00797,S094,Supplies,V020,2023-02-01,
C00798,S040,Scheduling,V012,2023-03-01,
C00799,S042,RCM,V006,2023-04-01,
C00800,S075,Telephony,V008,2023-04-01,
C00801,S075,IT_MSP,V016,2023-04-01,
C00802,S077,Clearinghouse,V014,2023-04-01,
C00803,S004,Supplies,V019,2023-05-01,
C00804,S015,Telephony,V010,2023-05-01,
C00805,S033,Clearinghouse,V014,2023-05-01,
C00806,S040,Supplies,V019,2023-05-01,
C00807,S045,Clearinghouse,V015,2023-06-01,
C00808,S020,Lab,V004,2023-07-01,
C00809,S023,Scheduling,V012,2023-07-01,
C00810,S032,Telephony,V008,2023-07-01,2024-10-01
C00811,S081,Lab,V001,2023-07-01,
C00812,S005,RCM,V006,2023-08-01,
C00813,S032,Supplies,V020,2023-08-01,
C00814,S068,Clearinghouse,V014,2023-08-01,
C00815,S072,Lab,V003,2023-08-01,
C00816,S030,IT_MSP,V017,2023-09-01,
C00817,S053,Supplies,V019,2023-09-01,2024-12-01
C00818,S063,Scheduling,V012,2023-09-01,
C00819,S081,Scheduling,V013,2023-09-01,
C00820,S015,Lab,V002,2023-10-01,
C00821,S058,RCM,V007,2023-10-01,
C00822,S006,Supplies,V020,2023-11-01,
C00823,S031,Lab,V004,2023-11-01,
C00824,S014,Supplies,V020,2023-12-01,
C00825,S026,IT_MSP,V016,2023-12-01,
C00826,S071,Supplies,V019,2023-12-01,
C00827,S052,Supplies,V019,2024-01-01,
C00828,S004,Clearinghouse,V014,2024-02-01,
C00829,S053,IT_MSP,V017,2024-02-01,
C00830,S072,IT_MSP,V017,2024-02-01,
C00831,S008,Lab,V004,2024-03-01,
C00832,S013,Clearinghouse,V015,2024-03-01,
C00833,S098,Scheduling,V012,2024-03-01,
C00834,S008,IT_MSP,V018,2024-04-01,
C00835,S012,Telephony,V009,2024-04-01,
C00836,S030,RCM,V005,2024-04-01,
C00837,S043,Scheduling,V012,2024-04-01,
C00838,S076,Clearinghouse,V014,2024-04-01,
C00839,S093,Scheduling,V013,2024-04-01,
C00840,S003,Telephony,V009,2024-06-01,
C00841,S065,Supplies,V019,2024-06-01,
C00842,S014,Clearinghouse,V015,2024-07-01,
C00843,S055,Clearinghouse,V014,2024-07-01,
C00844,S064,Lab,V001,2024-07-01,
C00845,S041,IT_MSP,V017,2024-08-01,
C00846,S027,Lab,V003,2024-09-01,
C00847,S027,Scheduling,V011,2024-09-01,
C00848,S081,Supplies,V019,2024-09-01,
C00849,S089,Telephony,V008,2024-09-01,
C00850,S032,Telephony,V009,2024-10-01,
C00851,S059,Scheduling,V013,2024-10-01,
C00852,S060,Lab,V004,2024-10-01,
C00853,S072,Clearinghouse,V014,2024-10-01,
C00854,S073,Scheduling,V012,2024-10-01,
C00855,S089,Lab,V002,2024-10-01,
C00856,S093,Lab,V002,2024-10-01,
C00857,S028,Clearinghouse,V014,2024-11-01,
C00858,S065,Lab,V004,2024-11-01,
C00859,S068,IT_MSP,V016,2024-11-01,
C00860,S078,Lab,V003,2024-11-01,
C00861,S088,RCM,V006,2024-11-01,
C00862,S096,IT_MSP,V017,2024-11-01,
C00863,S053,Supplies,V020,2024-12-01,
C00864,S055,IT_MSP,V016,2024-12-01,
C00865,S082,Clearinghouse,V015,2024-12-01,
C00866,S092,Lab,V002,2024-12-01,
